{
  "TC01_CreateUserBooking": {

    "firstname": "SeleniumTC",
    "lastname": "DataTC",
    "totalprice": 111,
    "depositpaid": true,
    "bookingdates": {
      "checkin": "2018-01-01",
      "checkout": "2019-01-01"
    },
    "additionalneeds": "Breakfast"
  },
  "TC02_UpdateUserBooking": {

    "firstname": "James",
    "lastname": "Brown",
    "totalprice": 111,
    "depositpaid": true,
    "bookingdates": {
      "checkin": "2018-01-01",
      "checkout": "2019-01-01"
    },
    "additionalneeds": "Breakfast"
  },

  "ValidateUser": {
    "username": "admin",
    "password": "password123"
  }
}