{

  "TC01_ValidateUser": {
    "username": "admin",
    "password": "password123"
  },

  "TC01_CreateUser": {
    "name": "morpheusT",
    "job": "leader"
  },

  "TC04_CreateUserWithBlankName": {
    "name": "",
    "job": "tester"
  },
  "TC03_GetSingleUser": {
    "id": 2,
    "email": "janet.weaver@reqres.in",
    "first_name": "Janet",
    "last_name": "Weaver",
    "avatar": "https://reqres.in/img/faces/2-image.jpg"
  },
  "TC03_VerifyGetInvalidUser": {
    "id": 3,
    "email": "wrongData_janet.weaver@reqres.in",
    "first_name": "Test data",
    "last_name": "junk data",
    "avatar": "https://reqres.in/img/faces/2-image.jpg"
  },

  "TC03_PutRequest": {
    "name": "morpheus",
    "job": "zion resident"
  },

  "TC02_GetUser": {
    "id": 2,
    "email": "janet.weaver@reqres.in",
    "first_name": "Janet",
    "last_name": "Weaver",
    "avatar": "https://reqres.in/img/faces/2-image.jpg"
  }

}